{
    "luis": {
        "Anxiety_en_us_lu": {
            "appId": "7b92736f-c999-481f-b2cc-dcf416433403"
        },
        "Abuse_en_us_lu": {
            "appId": "d50e87ab-d595-47f1-977c-5f89d123117b"
        },
        "Bullying_en_us_lu": {
            "appId": "974c7762-3d49-45d5-a453-beb6905ae8b6"
        },
        "CoreWithLanguage_1_en_us_lu": {
            "appId": "55a0f295-538f-439c-bb0d-bdae40f6b84d"
        },
        "Depression_en_us_lu": {
            "appId": "7f5b4bea-c6ab-4c27-99fc-29fa0f8ea8e2"
        },
        "help_en_us_lu": {
            "appId": "92d24dbe-ab2a-4462-8281-4d48d949e6ee"
        },
        "UnknownFeelings_en_us_lu": {
            "appId": "1127895d-b699-4496-81bb-5e978d81bcb7"
        },
        "SelfHarm_en_us_lu": {
            "appId": "2c401e4d-d933-45c4-aba7-e87b69acbd9c"
        },
        "WelcomeDialog_en_us_lu": {
            "appId": "c1a053d5-b149-4881-82c8-915e69802528"
        }
    }
}